<assembly xmlns="http://maven.apache.org/ASSEMBLY/2.0.0"
          xmlns:xsi="http://www.w3.org/2001/XMLSchema-instance"
          xsi:schemaLocation="http://maven.apache.org/ASSEMBLY/2.0.0 http://maven.apache.org/xsd/assembly-2.0.0.xsd">
    <id>dist</id>
    <formats>
        <format>tar.gz</format>
        <format>zip</format>
        <format>dir</format>
    </formats>
    <dependencySets>
        <dependencySet>
            <outputDirectory>lib</outputDirectory>
            <scope>runtime</scope>
            <useProjectArtifact>false</useProjectArtifact>
        </dependencySet>
    </dependencySets>
    <fileSets>
        <fileSet>
            <directory>src/__files</directory>
            <outputDirectory>__files</outputDirectory>
        </fileSet>
        <fileSet>
            <directory>src/mappings</directory>
            <outputDirectory>mappings</outputDirectory>
        </fileSet>
    </fileSets>
    <files>
        <file>
            <source>run.sh</source>
            <lineEnding>lf</lineEnding>
        </file>
        <file>
            <source>run.bat</source>
            <lineEnding>crlf</lineEnding>
        </file>
    </files>
</assembly>